order_id,order_date,customer_id,city,category,product,quantity,price,discount,revenue,rating
ORD1001,2025-03-15,CUST1012,Hyderabad,Electronics,Smartwatch,4.0,61233.07,10.0,220439.05,5.0
ORD1002,2025-02-16,CUST1061,Bengaluru,Books,SQL Guide,4.0,1479.1,15.0,5028.94,4.0
ORD1003,2025-06-14,CUST1028,Mumbai,Clothing,Sneakers,4.0,4202.43,15.0,14288.26,4.0
ORD1004,2025-08-19,CUST1085,Bengaluru,Beauty,Moisturizer,1.0,4189.87,5.0,3980.38,5.0
ORD1005,2025-05-13,CUST1057,Pune,Electronics,Smartwatch,3.0,56259.78,25.0,126584.51,3.0
ORD1006,2025-09-29,CUST1050,Bengaluru,Electronics,Wireless Earbuds,1.0,50349.04,25.0,37761.78,5.0
ORD1007,2025-09-08,CUST1058,Bengaluru,Books,Python Basics,1.0,584.21,10.0,525.79,2.0
ORD1008,2025-10-31,CUST1012, mumbai ,Clothing,Jacket,4.0,2467.18,0.0,9868.72,5.0
ORD1009,2025-03-29,CUST1082,Chennai,Sports,Dumbbells,3.0,2631.13,20.0,6314.71,3.0
ORD1010,2025-10-15,CUST1057,Chennai,Electronics,Smartwatch,1.0,8456.46,20.0,6765.17,5.0
ORD1011,2025-03-31,CUST1014,Pune,Clothing,Sneakers,3.0,3059.34,10.0,8260.22,3.0
ORD1012,2025-10-07,CUST1068,Hyderabad,Sports,Football,3.0,3608.8,0.0,10826.4,5.0
ORD1013,2025-12-25,CUST1026,Bengaluru,Electronics,Wireless Earbuds,4.0,9910.71,5.0,37660.7,4.0
ORD1014,2025-01-22,CUST1111,Bengaluru,Home & Kitchen,Bedsheet,5.0,3420.12,20.0,13680.48,3.0
ORD1015,2025-05-30,CUST1049,Pune,Home & Kitchen,Coffee Maker,1.0,9579.66,15.0,8142.71,5.0
ORD1016,2025-02-02,CUST1084,Pune,Sports,Cricket Bat,1.0,624.92,0.0,624.92,5.0
ORD1017,2025-06-30,CUST1054,Delhi,Sports,Yoga Mat,5.0,1337.72,15.0,5685.31,5.0
ORD1018,2025-05-13,CUST1042,Mumbai,Home & Kitchen,Mixer,2.0,7859.17,15.0,13360.59,2.0
ORD1019,2025-10-06,CUST1117,Bengaluru,electronics,Bedsheet,2.0,8636.72,25.0,12955.08,3.0
ORD1020,2025-04-10,CUST1054,Ahmedabad,Sports,Cricket Bat,4.0,2971.49,20.0,9508.77,2.0
ORD1021,2025-07-19,CUST1022,Pune,Electronics,Smartphone,4.0,26969.31,5.0,102483.38,4.0
ORD1022,2025-06-07,CUST1017,Hyderabad,Books,Data Analytics,4.0,1379.19,15.0,4689.25,5.0
ORD1023,2025-03-07,CUST1060,Delhi,Electronics,Wireless Earbuds,4.0,33780.06,0.0,135120.24,1.0
ORD1024,2025-08-03,CUST1036,Ahmedabad,Clothing,Jacket,1.0,965.31,5.0,917.04,3.0
ORD1025,2025-02-25,CUST1116,Pune,Books,SQL Guide,3.0,1186.37,10.0,3203.2,1.0
ORD1026,2025-06-27,CUST1053,Ahmedabad,Home & Kitchen,Air Fryer,4.0,1726.58,5.0,6561.0,4.0
ORD1027,2025-07-18,CUST1063,Kolkata,Electronics,Wireless Earbuds,3.0,24552.49,10.0,66291.72,4.0
ORD1028,2025-11-24,CUST1037,Hyderabad,Home & Kitchen,Air Fryer,1.0,10054.47,0.0,10054.47,3.0
ORD1029,2025-09-24,CUST1088,Ahmedabad,Clothing,T-Shirt,4.0,1765.55,20.0,5649.76,5.0
ORD1030,2025-03-26,CUST1017,Hyderabad,Sports,Cricket Bat,1.0,5538.07,25.0,4153.55,1.0
ORD1031,2025-03-15,CUST1115,Chennai,Beauty,Perfume,2.0,4098.78,20.0,6558.05,4.0
ORD1032,2025-12-08,CUST1064,Mumbai,Clothing, Smartphone ,3.0,1651.84,25.0,3716.64,3.0
ORD1033,2025-11-05,CUST1107,Delhi,Clothing,Jeans,5.0,4512.55,25.0,16922.06,5.0
ORD1034,2025-10-09,CUST1050,Bengaluru,Books,Data Analytics,3.0,773.89,0.0,2321.67,5.0
ORD1035,2025-12-12,CUST1029,Mumbai,Books,Data Analytics,4.0,693.69,20.0,2219.81,5.0
ORD1036,2025-03-07,CUST1087,Kolkata,Electronics,Laptop,5.0,17503.63,20.0,70014.52,4.0
ORD1037,2025-07-02,CUST1061,Pune,Electronics,Laptop,2.0,56199.1,5.0,106778.29,5.0
ORD1038,2025-02-18,CUST1117,Mumbai,Electronics,Smartwatch,1.0,22238.67,5.0,21126.74,5.0
ORD1039,2025-11-12,CUST1097,Mumbai,Clothing,Jacket,5.0,3115.02,20.0,12460.08,3.0
ORD1040,2025-02-15,CUST1010,Pune,Sports,Yoga Mat,4.0,1220.82,10.0,4394.95,5.0
ORD1041,2025-07-10,CUST1035,Ahmedabad,Books,Python Basics,1.0,1294.3,10.0,1164.87,5.0
ORD1042,2025-08-20,CUST1087,Delhi,Books,Python Basics,1.0,1132.8,0.0,1132.8,2.0
ORD1043,2025-09-27,CUST1097,Pune,Sports,Cricket Bat,1.0,3778.23,25.0,2833.67,
ORD1044,2025-02-09,CUST1031,Kolkata,Home & Kitchen,Coffee Maker,4.0,999.77,15.0,3399.22,5.0
ORD1045,2025-10-02,CUST1073,Bengaluru,Home & Kitchen,Mixer,2.0,7587.38,15.0,12898.55,5.0
ORD1046,2025-08-26,CUST1033,Pune,Home & Kitchen,Mixer,2.0,5569.88,0.0,11139.76,5.0
ORD1047,2025-12-17,CUST1013,Ahmedabad,Beauty,Face Wash,2.0,3806.27,5.0,7231.91,5.0
ORD1048,2025-10-29,CUST1111,Delhi,Electronics,Smartphone,3.0,17062.74,5.0,48628.81,4.0
ORD1049,2025-06-16,CUST1014,Hyderabad,Books,Business Analytics,3.0,727.08,0.0,2181.24,3.0
ORD1050,2025-01-20,CUST1062,Chennai,Electronics,Wireless Earbuds,1.0,18827.77,20.0,15062.22,4.0
ORD1051,2025-10-17,CUST1103,Hyderabad,Sports,Cricket Bat,5.0,3274.89,5.0,15555.73,5.0
ORD1052,2025-04-02,CUST1114,Pune,Electronics,Smartphone,1.0,22678.18,5.0,21544.27,4.0
ORD1053,2025-02-04,CUST1101,Mumbai,Clothing,T-Shirt,1.0,2856.89,10.0,2571.2,2.0
ORD1054,2025-11-04,CUST1029,Ahmedabad,Electronics,Smartphone,5.0,14145.01,25.0,53043.79,5.0
ORD1055,2025-09-27,CUST1017,Kolkata,Clothing,Sneakers,3.0,3391.17,20.0,8138.81,5.0
ORD1056,2025-06-18,CUST1083,Chennai,Beauty,Perfume,3.0,4330.59,,9743.83,4.0
ORD1057,2025-08-09,CUST1028,Bengaluru,Clothing,Jeans,1.0,2650.45,0.0,2650.45,4.0
ORD1058,2025-05-19,CUST1029,Bengaluru,Home & Kitchen,Coffee Maker,2.0,4467.95,10.0,8042.31,5.0
ORD1059,2025-06-18,CUST1065,Ahmedabad,Sports,Dumbbells,4.0,3145.01,25.0,9435.03,4.0
ORD1060,2025-07-14,CUST1009,Bengaluru,Books,Python Basics,4.0,1506.59,15.0,5122.41,5.0
ORD1061,2025-12-02,CUST1016,Ahmedabad,Clothing,Jacket,1.0,3626.59,5.0,3445.26,5.0
ORD1062,2025-01-31,CUST1087,Delhi,Beauty,Shampoo,1.0,3710.86,15.0,3154.23,5.0
ORD1063,2025-12-30,CUST1096,Ahmedabad,Books,Business Analytics,1.0,1190.52,20.0,952.42,5.0
ORD1064,2025-02-04,CUST1021,Delhi,Books,Data Analytics,2.0,1185.11,0.0,2370.22,5.0
ORD1065,2025-09-23,CUST1092,Ahmedabad,Electronics,Wireless Earbuds,1.0,36891.08,15.0,31357.42,4.0
ORD1066,2025-12-06,CUST1095,Mumbai,Sports,Football,3.0,3797.76,0.0,11393.28,2.0
ORD1067,2025-03-18,CUST1081,Chennai,Sports,Yoga Mat,3.0,2802.35,15.0,7145.99,5.0
ORD1068,2025-04-09,CUST1064,Bengaluru,Home & Kitchen,Coffee Maker,5.0,9340.36,15.0,39696.53,4.0
ORD1069,2025-09-27,CUST1046,Delhi,Clothing,T-Shirt,5.0,4712.57,0.0,23562.85,4.0
ORD1070,2025-10-12,CUST1017,Pune,Sports,Yoga Mat,3.0,5648.77,10.0,15251.68,4.0
ORD1071,2025-04-09,CUST1103,Ahmedabad,Beauty,Moisturizer,1.0,4770.61,20.0,3816.49,2.0
ORD1072,2025-09-08,CUST1012,Pune,Beauty,Face Wash,1.0,3064.81,0.0,3064.81,1.0
ORD1073,2025-01-05,CUST1037,Hyderabad,Sports,Dumbbells,3.0,3022.01,5.0,8612.73,4.0
ORD1074,2025-12-30,CUST1083,,Books,SQL Guide,4.0,465.88,10.0,1677.17,5.0
ORD1075,2025-02-19,CUST1079,Hyderabad,Sports,Dumbbells,1.0,5995.08,0.0,5995.08,5.0
ORD1076,2025-03-29,CUST1103,Kolkata,Electronics,Wireless Earbuds,5.0,9797.97,5.0,46540.36,3.0
ORD1077,2025-01-02,CUST1001,Delhi,Sports,Yoga Mat,1.0,4109.48,25.0,3082.11,1.0
ORD1078,2025-03-29,CUST1030,Mumbai,Electronics,Smartwatch,4.0,57691.87,25.0,173075.61,5.0
ORD1079,2025-10-27,CUST1101,Pune,Sports,Dumbbells,5.0,4746.6,25.0,17799.75,5.0
ORD1080,2025-07-04,CUST1066,Chennai,Electronics,Smartphone,2.0,15745.27,20.0,25192.43,5.0
ORD1081,2025-01-06,CUST1033,Mumbai,Electronics,Smartwatch,3.0,53546.51,0.0,160639.53,3.0
ORD1082,2025-01-20,CUST1001,Mumbai,Sports,Football,5.0,3863.49,15.0,16419.83,5.0
ORD1083,2025-10-09,CUST1023,Pune,Clothing,Sneakers,3.0,1279.08,20.0,3069.79,2.0
ORD1084,2025-08-21,CUST1054,Delhi,Books,SQL Guide,3.0,1476.12,5.0,4206.94,4.0
ORD1085,2025-04-04,CUST1078,Pune,Clothing,Sneakers,3.0,3101.08,5.0,8838.08,5.0
ORD1086,2025-05-28,CUST1016,Mumbai,Books,Data Analytics,1.0,1062.53,20.0,850.02,4.0
ORD1087,2025-10-14,CUST1074,Pune,Books,Data Analytics,5.0,757.06,5.0,3596.03,4.0
ORD1088,2025-03-21,CUST1073,Bengaluru,Beauty,Moisturizer,3.0,2221.28,25.0,4997.88,4.0
ORD1089,2025-02-04,CUST1069,Bengaluru,Books,Data Analytics,2.0,1011.2,10.0,1820.16,3.0
ORD1090,2025-08-27,CUST1030,Kolkata,Beauty,Shampoo,4.0,3345.36,15.0,11374.22,4.0
ORD1091,2025-12-18,CUST1062,Kolkata,Home & Kitchen,Coffee Maker,1.0,7811.34,10.0,7030.21,4.0
ORD1092,2025-07-03,CUST1033,Kolkata,Sports,Football,5.0,5565.81,25.0,,4.0
ORD1093,2025-01-21,CUST1009,Kolkata,Clothing,Jeans,3.0,2723.64,25.0,6128.19,2.0
ORD1094,2025-05-02,CUST1088,Bengaluru,Books,Business Analytics,1.0,720.92,15.0,612.78,3.0
ORD1095,2025-06-01,CUST1045,Chennai,Electronics,Wireless Earbuds,5.0,59284.75,0.0,296423.75,5.0
ORD1096,2025-05-14,CUST1010,Ahmedabad,Electronics,Laptop,4.0,15419.7,15.0,52426.98,5.0
ORD1097,2025-10-02,CUST1047,Ahmedabad,Home & Kitchen,Bedsheet,3.0,8501.85,5.0,24230.27,5.0
ORD1098,2025-07-11,CUST1086,Delhi,Beauty,Perfume,1.0,1282.57,20.0,1026.06,3.0
ORD1099,2025-10-20,CUST1119,Chennai,Home & Kitchen,Bedsheet,5.0,7026.86,25.0,26350.72,5.0
ORD1100,2025-01-30,CUST1005,Pune,Electronics,Wireless Earbuds,3.0,32339.51,5.0,92167.6,5.0
ORD1101,2025-12-10,CUST1006,Chennai,Home & Kitchen,Air Fryer,5.0,2826.38,0.0,14131.9,5.0
ORD1102,2025-08-03,CUST1002,Mumbai,Clothing,T-Shirt,2.0,2705.89,25.0,4058.84,4.0
ORD1103,2025-05-29,CUST1081,Kolkata,Clothing,T-Shirt,5.0,3369.15,25.0,12634.31,5.0
ORD1104,2025-07-16,CUST1112,Kolkata,Sports,Football,1.0,2516.35,20.0,2013.08,4.0
ORD1105,2025-06-07,CUST1110,Bengaluru,Clothing,Jeans,3.0,4334.07,20.0,10401.77,4.0
ORD1106,2025-07-02,CUST1063,Mumbai,Beauty,Face Wash,5.0,1900.78,15.0,8078.31,4.0
ORD1107,2025-01-04,CUST1041,Bengaluru,Electronics,Smartphone,5.0,47111.6,25.0,176668.5,3.0
ORD1108,2025-06-13,CUST1018,Hyderabad,Clothing,Jeans,1.0,4673.57,20.0,3738.86,4.0
ORD1109,2025-09-18,CUST1118,Kolkata,Beauty,Face Wash,3.0,3604.26,5.0,10272.14,5.0
ORD1110,2025-11-26,CUST1035,Ahmedabad,Beauty,Moisturizer,3.0,3878.73,15.0,9890.76,5.0
ORD1111,2025-10-23,CUST1053,Chennai,Beauty,Moisturizer,3.0,836.29,25.0,1881.65,5.0
ORD1112,2025-12-26,CUST1099,Chennai,Beauty,Moisturizer,4.0,4858.13,0.0,19432.52,3.0
ORD1113,2025/03/18,CUST1094,Ahmedabad,Books,SQL Guide,4.0,485.8,10.0,1748.88,1.0
ORD1114,2025-12-23,CUST1009,Kolkata,Home & Kitchen,Bedsheet,5.0,6007.7,5.0,28536.57,4.0
ORD1115,2025-06-12,CUST1099,Delhi,Beauty,Face Wash,2.0,4069.68,15.0,6918.46,5.0
ORD1116,2025-02-09,CUST1092,Chennai,Electronics,Laptop,2.0,11019.31,10.0,19834.76,5.0
ORD1117,2025-05-20,CUST1006,Ahmedabad,Beauty,Moisturizer,1.0,3775.33,25.0,2831.5,5.0
ORD1118,2025-01-02,CUST1032,Chennai,Clothing,T-Shirt,4.0,4361.56,10.0,15701.62,4.0
ORD1119,2025-04-03,CUST1029,Pune,Beauty,Face Wash,4.0,4509.48,10.0,16234.13,5.0
ORD1120,2025-04-20,CUST1054,Pune,Books,SQL Guide,2.0,1580.02,25.0,2370.03,4.0
ORD1121,2025-09-04,CUST1042,Pune,Electronics,Smartphone,3.0,19630.81,25.0,44169.32,2.0
ORD1122,2025-04-19,CUST1065,Delhi,Sports,Cricket Bat,5.0,5993.09,15.0,25470.63,4.0
ORD1123,2025-01-23,CUST1048,Pune,Electronics,Wireless Earbuds,1.0,51454.62,25.0,38590.97,4.0
ORD1124,2025-05-14,CUST1043,Delhi,Books,Data Analytics,3.0,501.55,0.0,1504.65,2.0
ORD1125,2025-06-14,CUST1051,Ahmedabad,Beauty,Face Wash,2.0,3282.34,10.0,5908.21,4.0
ORD1126,2025-04-14,CUST1047,Delhi,Books,Business Analytics,4.0,1111.28,25.0,3333.84,5.0
ORD1127,2025-03-20,CUST1071,Hyderabad,Beauty,Perfume,5.0,2788.85,25.0,10458.19,5.0
ORD1128,2025-04-28,CUST1042,Kolkata,Beauty,Face Wash,2.0,1434.45,5.0,2725.45,3.0
ORD1129,2025-08-20,CUST1053,Kolkata,Electronics,Smartphone,1.0,57102.41,15.0,48537.05,5.0
ORD1130,2025-10-25,CUST1033,Kolkata,Home & Kitchen,Bedsheet,5.0,8355.49,5.0,39688.58,5.0
ORD1131,2025-04-27,CUST1115,Kolkata,Home & Kitchen,Mixer,1.0,1941.21,15.0,1650.03,5.0
ORD1132,2025-12-17,CUST1036,Mumbai,Beauty,Moisturizer,3.0,468.46,25.0,1054.03,2.0
ORD1133,2025-10-16,CUST1038,Mumbai,Electronics,Laptop,3.0,36217.31,0.0,108651.93,4.0
ORD1134,2025-01-23,CUST1054,Delhi,Electronics,Smartwatch,1.0,31839.27,20.0,25471.42,5.0
ORD1135,2025-04-16,CUST1014,Pune,Books,Python Basics,3.0,924.91,10.0,2497.26,1.0
ORD1136,2025-06-28,CUST1050,Pune,Books,Data Analytics,,1062.25,5.0,1009.14,4.0
ORD1137,2025-08-07,CUST1030,Ahmedabad,Beauty,Moisturizer,3.0,1523.64,25.0,3428.19,4.0
ORD1138,2025-05-01,CUST1058,Mumbai,Home & Kitchen,Bedsheet,4.0,3356.43,20.0,10740.58,5.0
ORD1139,2025-04-27,CUST1017,Mumbai,Home & Kitchen,Air Fryer,5.0,2485.08,20.0,9940.32,1.0
ORD1140,2025-01-12,CUST1085,Hyderabad,Books,Data Analytics,1.0,582.48,20.0,465.98,2.0
ORD1141,2025-06-30,CUST1001,Bengaluru,Home & Kitchen,Mixer,1.0,7410.19,15.0,6298.66,5.0
ORD1142,2025-10-10,CUST1035,Bengaluru,Books,SQL Guide,4.0,544.12,25.0,1632.36,5.0
ORD1143,2025-01-29,CUST1044,Chennai,Clothing,Sneakers,3.0,3215.41,10.0,8681.61,5.0
ORD1144,2025-08-08,CUST1062,Pune,Sports,Yoga Mat,2.0,4895.67,0.0,9791.34,3.0
ORD1145,2025-05-20,CUST1003,Chennai,Beauty,Perfume,5.0,440.22,0.0,2201.1,4.0
ORD1146,2025-09-27,CUST1015,Ahmedabad,Electronics,Wireless Earbuds,4.0,51901.66,5.0,197226.31,4.0
ORD1147,2025-01-22,CUST1021,Kolkata,Electronics,Wireless Earbuds,2.0,16910.56,0.0,33821.12,5.0
ORD1148,2025-01-07,CUST1070,Hyderabad,Beauty,Face Wash,5.0,318.84,25.0,1195.65,5.0
ORD1149,2025-03-02,CUST1075,Delhi,Home & Kitchen,Mixer,3.0,10660.26,25.0,23985.58,4.0
ORD1150,2025-04-18,CUST1118,Kolkata,Clothing,Jacket,1.0,3175.55,0.0,3175.55,5.0
ORD1151,2025-11-03,CUST1031,Hyderabad,Clothing,T-Shirt,1.0,1540.76,15.0,1309.65,5.0
ORD1152,2025-09-05,CUST1092,Hyderabad,Beauty,Face Wash,3.0,2161.98,20.0,5188.75,5.0
ORD1153,2025-12-11,CUST1002,Mumbai,Clothing,Sneakers,4.0,2386.73,25.0,7160.19,4.0
ORD1154,2025-02-04,CUST1079,Pune,Sports,Cricket Bat,3.0,2743.79,25.0,6173.53,5.0
ORD1155,2025-09-06,CUST1024,Ahmedabad,Electronics,Wireless Earbuds,3.0,67616.08,0.0,202848.24,3.0
ORD1156,2025-06-21,CUST1078,Ahmedabad,Books,Business Analytics,5.0,618.22,10.0,2781.99,5.0
ORD1157,2025-07-14,CUST1094,Ahmedabad,Beauty,Perfume,3.0,,15.0,9654.48,5.0
ORD1158,2025-11-12,CUST1061,Mumbai,Beauty,Perfume,1.0,4548.67,20.0,3638.94,5.0
ORD1159,2025-12-27,CUST1046,Kolkata,Electronics,Laptop,3.0,9434.69,20.0,22643.26,5.0
ORD1160,2025-04-27,CUST1069,Hyderabad,Sports,Dumbbells,5.0,2670.46,15.0,11349.45,5.0
ORD1161,2025-01-25,CUST1024,Bengaluru,Home & Kitchen,Air Fryer,1.0,11276.27,15.0,9584.83,4.0
ORD1162,2025-03-01,CUST1006,Bengaluru,Home & Kitchen,Air Fryer,2.0,2268.42,5.0,4310.0,5.0
ORD1163,2025-08-02,CUST1106,Bengaluru,Electronics,Smartwatch,4.0,14133.32,5.0,53706.62,5.0
ORD1164,2025-07-10,CUST1055,Bengaluru,Clothing,Jeans,2.0,1335.95,10.0,2404.71,4.0
ORD1165,2025-09-03,CUST1060,Ahmedabad,Electronics,Laptop,1.0,67478.61,10.0,60730.75,5.0
ORD1166,2025-10-07,CUST1093,Ahmedabad,Electronics,Laptop,2.0,26275.98,5.0,49924.36,5.0
ORD1167,2025-05-30,CUST1017,Ahmedabad,Electronics,Smartwatch,4.0,67085.95,25.0,201257.85,2.0
ORD1168,2025-11-05,CUST1049,Hyderabad,Clothing,T-Shirt,3.0,936.4,20.0,2247.36,5.0
ORD1169,2025-05-17,CUST1071,Hyderabad,Beauty,Face Wash,1.0,1053.47,5.0,1000.8,5.0
ORD1170,2025-05-28,CUST1004,Kolkata,Sports,Football,2.0,2541.89,25.0,3812.84,5.0
ORD1171,2025-09-23,CUST1013,Pune,Electronics,Laptop,4.0,15480.63,25.0,46441.89,5.0
ORD1172,2025-05-31,CUST1023,Delhi,Clothing,T-Shirt,5.0,1307.71,15.0,5557.77,4.0
ORD1173,2025-07-15,CUST1064,Chennai,Books,SQL Guide,1.0,1611.86,25.0,1208.89,4.0
ORD1174,2025-12-10,CUST1001,Kolkata,Clothing,Jeans,2.0,1225.64,0.0,2451.28,5.0
ORD1175,2025-10-29,CUST1053,Bengaluru,Clothing,Jacket,2.0,2883.86,10.0,5190.95,4.0
ORD1176,2025-06-25,CUST1018,Delhi,Electronics,Smartphone,1.0,67039.48,0.0,67039.48,5.0
ORD1177,2025-05-19,CUST1015,Delhi,Home & Kitchen,Coffee Maker,5.0,3635.67,5.0,17269.43,1.0
ORD1178,2025-06-19,CUST1064,Hyderabad,,Data Analytics,2.0,1212.19,0.0,2424.38,4.0
ORD1179,2025-05-16,CUST1057,Kolkata,Beauty,Face Wash,5.0,4146.05,25.0,15547.69,5.0
ORD1180,2025-01-19,CUST1007,Kolkata,Electronics,Smartwatch,5.0,29166.0,15.0,123955.5,4.0
ORD1181,2025-03-18,CUST1111,Hyderabad,Beauty,Shampoo,1.0,4030.09,20.0,3224.07,3.0
ORD1182,2025-12-29,CUST1106,Mumbai,Home & Kitchen,Air Fryer,4.0,825.86,15.0,2807.92,3.0
ORD1183,2025-07-01,CUST1048,Delhi,Home & Kitchen,Air Fryer,4.0,2506.06,0.0,10024.24,5.0
ORD1184,2025-06-18,CUST1079,Hyderabad,Books,SQL Guide,2.0,1389.27,20.0,2222.83,5.0
ORD1185,2025-02-03,CUST1082,Ahmedabad,Electronics,Smartphone,4.0,29248.25,25.0,87744.75,3.0
ORD1186,2025-11-22,CUST1034,Ahmedabad,Books,SQL Guide,1.0,974.45,5.0,925.73,5.0
ORD1187,2025-09-18,CUST1044,Chennai,Home & Kitchen,Coffee Maker,4.0,4187.78,15.0,14238.45,5.0
ORD1188,2025-09-20,CUST1088,Ahmedabad,Sports,Cricket Bat,3.0,3590.0,0.0,10770.0,4.0
ORD1189,2025-06-19,CUST1053,Bengaluru,Clothing,Jeans,1.0,2040.63,15.0,1734.54,4.0
ORD1190,2025-08-28,CUST1037,Mumbai,Electronics,Smartwatch,1.0,49384.38,0.0,49384.38,5.0
ORD1191,2025-10-02,CUST1030,Ahmedabad,Books,Python Basics,5.0,1467.23,5.0,6969.34,5.0
ORD1192,2025-02-20,CUST1034,Chennai,Sports,Yoga Mat,1.0,2013.34,20.0,1610.67,3.0
ORD1193,2025-10-08,CUST1115,Hyderabad,Books,Business Analytics,4.0,1113.12,5.0,4229.86,5.0
ORD1194,2025-04-27,CUST1063,Pune,Beauty,Shampoo,2.0,3239.75,0.0,6479.5,5.0
ORD1195,2025-12-18,CUST1074,Bengaluru,Home & Kitchen,Coffee Maker,3.0,5280.69,0.0,15842.07,5.0
ORD1196,2025-04-28,CUST1085,Pune,Home & Kitchen,Mixer,5.0,10364.63,5.0,49231.99,4.0
ORD1197,2025-12-15,CUST1111,Bengaluru,Home & Kitchen,Coffee Maker,5.0,3535.1,10.0,15907.95,5.0
ORD1198,2025-10-07,CUST1013,Pune,Books,Business Analytics,5.0,1417.49,25.0,5315.59,5.0
ORD1199,2025-04-22,CUST1031,Pune,Beauty,Perfume,4.0,3330.65,5.0,12656.47,6.0
ORD1200,2025-10-25,CUST1069,Delhi,Beauty,Perfume,3.0,1328.63,15.0,3388.01,5.0
ORD1201,2025-03-27,CUST1017,Chennai,Home & Kitchen,Mixer,1.0,9732.12,10.0,8758.91,5.0
ORD1202,2025-12-31,CUST1114,Delhi,Sports,Football,1.0,2645.34,10.0,2380.81,3.0
ORD1203,2025-08-19,CUST1009,Ahmedabad,Electronics,Smartphone,3.0,65839.85,15.0,167891.62,5.0
ORD1204,2025-11-19,CUST1055,Mumbai,Electronics,Wireless Earbuds,4.0,24779.19,10.0,89205.08,5.0
ORD1205,2025-03-30,CUST1061,Bengaluru,Sports,Dumbbells,3.0,2829.22,5.0,8063.28,4.0
ORD1206,2025-12-31,CUST1013,Mumbai,Sports,Dumbbells,4.0,5956.23,0.0,23824.92,4.0
ORD1207,2025-03-06,CUST1051,Delhi,Sports,Football,1.0,2250.8,25.0,1688.1,4.0
ORD1208,2025-10-15,CUST1109,Kolkata,Electronics,Smartphone,4.0,29906.94,5.0,113646.37,5.0
ORD1209,2025-03-03,CUST1059,Delhi,Books,Python Basics,2.0,1423.23,5.0,2704.14,5.0
ORD1210,2025-02-05,CUST1037,Hyderabad,Books,Python Basics,1.0,1618.6,25.0,1213.95,3.0
ORD1211,2025-11-07,CUST1093,Mumbai,Clothing,T-Shirt,3.0,502.33,0.0,1506.99,4.0
ORD1212,2025-03-03,CUST1008,Kolkata,Electronics,Smartphone,4.0,59033.89,10.0,212522.0,3.0
ORD1213,2025-06-04,CUST1048,Hyderabad,Clothing,Sneakers,3.0,4186.4,15.0,10675.32,2.0
ORD1214,2025-07-04,CUST1086,Pune,Sports,Football,2.0,4637.81,5.0,8811.84,5.0
ORD1215,2025-12-18,CUST1015,Kolkata,Clothing,Jeans,3.0,1437.71,5.0,4097.47,5.0
ORD1216,2025-10-28,CUST1084,Ahmedabad,Electronics,Smartphone,1.0,18871.48,0.0,18871.48,4.0
ORD1217,2025-03-09,CUST1106,Ahmedabad,Books,Data Analytics,5.0,973.09,15.0,4135.63,4.0
ORD1218,2025-03-22,CUST1114,Bengaluru,Books,Business Analytics,5.0,588.45,15.0,2500.91,5.0
ORD1219,2025-05-16,CUST1086,Pune,Clothing,Jacket,1.0,2979.09,15.0,2532.23,5.0
ORD1220,2025-06-27,CUST1035,Pune,Electronics,Wireless Earbuds,-2.0,45296.62,10.0,40766.96,3.0
ORD1221,2025-10-03,CUST1033,Delhi,Clothing,Sneakers,1.0,3025.5,20.0,2420.4,4.0
ORD1222,2025-09-04,CUST1044,Mumbai,Beauty,Face Wash,2.0,2951.25,15.0,5017.12,2.0
ORD1223,2025-11-03,CUST1107,Mumbai,Electronics,Laptop,3.0,48070.03,25.0,108157.57,3.0
ORD1224,2025-01-22,CUST1057,Hyderabad,Home & Kitchen,Bedsheet,3.0,11278.07,10.0,30450.79,3.0
ORD1225,2025-06-01,CUST1025,Mumbai,Home & Kitchen,Mixer,2.0,3197.83,20.0,5116.53,2.0
ORD1226,2025-11-11,CUST1042,Bengaluru,Home & Kitchen,Coffee Maker,1.0,2308.55,15.0,1962.27,4.0
ORD1227,2025-06-02,CUST1025,Kolkata,Clothing,T-Shirt,3.0,1691.63,10.0,4567.4,5.0
ORD1228,2025-02-09,CUST1056,Hyderabad,Books,Data Analytics,5.0,449.75,20.0,1799.0,2.0
ORD1229,2025-09-10,CUST1064,Delhi,Home & Kitchen,Mixer,1.0,9247.84,25.0,6935.88,5.0
ORD1230,2025-04-29,CUST1011,Hyderabad,Books,Python Basics,1.0,901.9,0.0,901.9,5.0
ORD1231,2025-07-13,CUST1060,Bengaluru,Books,Business Analytics,5.0,1767.95,5.0,8397.76,4.0
ORD1232,2025-08-02,CUST1079,Bengaluru,Books,Business Analytics,2.0,896.29,20.0,1434.06,2.0
ORD1233,2025-07-30,CUST1044,Chennai,Clothing,T-Shirt,5.0,4397.65,0.0,21988.25,4.0
ORD1234,2025-12-05,CUST1088,Pune,Home & Kitchen,Air Fryer,3.0,7891.27,10.0,21306.43,5.0
ORD1235,2025-04-17,CUST1080,Bengaluru,Sports,Cricket Bat,2.0,3623.64,10.0,6522.55,4.0
ORD1236,2025-05-19,CUST1037,Delhi,Beauty,Perfume,2.0,1924.93,0.0,3849.86,2.0
ORD1237,2025-10-04,CUST1091,Hyderabad,Beauty,Shampoo,5.0,1308.33,10.0,5887.48,4.0
ORD1238,2025-08-07,CUST1120,Mumbai,Clothing,Jacket,5.0,4673.77,5.0,22200.41,5.0
ORD1239,2025-12-24,CUST1001,Hyderabad,Beauty,Moisturizer,5.0,4642.33,10.0,20890.49,4.0
ORD1240,2025-01-10,CUST1019,Kolkata,Electronics,Smartwatch,4.0,42885.42,0.0,171541.68,5.0
ORD1241,2025-12-08,CUST1040,Ahmedabad,Clothing,Jeans,2.0,524.63,10.0,944.33,5.0
ORD1242,2025-04-09,CUST1053,Kolkata,Books,Business Analytics,2.0,1147.62,0.0,2295.24,3.0
ORD1243,2025-10-17,CUST1103,Kolkata,Electronics,Smartphone,2.0,67855.79,15.0,115354.84,5.0
ORD1244,2025-05-17,CUST1047,Kolkata,Clothing,Sneakers,3.0,4451.66,15.0,11351.73,2.0
ORD1245,2025-11-29,CUST1051,Ahmedabad,Beauty,Perfume,2.0,4916.08,15.0,8357.34,5.0
ORD1246,2025-10-18,CUST1009,Bengaluru,Home & Kitchen,Mixer,3.0,2126.07,25.0,4783.66,5.0
ORD1247,2025-07-04,CUST1056,Pune,Sports,Cricket Bat,4.0,631.84,25.0,1895.52,4.0
ORD1248,2025-05-18,CUST1017,Mumbai,Sports,Football,1.0,4175.82,0.0,4175.82,5.0
ORD1249,2025-07-29,CUST1023,Pune,Beauty,Perfume,5.0,1307.33,15.0,5556.15,3.0
ORD1250,2025-05-28,CUST1050,Ahmedabad,Home & Kitchen,Mixer,1.0,11409.98,5.0,10839.48,5.0
ORD1251,2025-05-12,CUST1052,Delhi,Clothing,T-Shirt,3.0,4421.34,15.0,11274.42,5.0
ORD1252,2025-12-29,CUST1080,Mumbai,Home & Kitchen,Air Fryer,1.0,6787.53,10.0,6108.78,5.0
ORD1253,2025-04-24,CUST1113,Kolkata,Clothing,Jacket,3.0,4563.45,5.0,13005.83,1.0
ORD1254,2025-11-01,CUST1087,Hyderabad,Books,Business Analytics,1.0,389.74,0.0,389.74,3.0
ORD1255,2025-12-28,CUST1008,Delhi,Electronics,Smartwatch,5.0,32628.46,15.0,138670.95,4.0
ORD1256,2025-04-15,CUST1024,Mumbai,Books,Python Basics,2.0,584.05,15.0,992.88,5.0
ORD1257,2025-08-14,CUST1102,Bengaluru,Sports,Dumbbells,1.0,5065.11,20.0,4052.09,5.0
ORD1258,2025-07-19,CUST1116,Ahmedabad,Books,SQL Guide,1.0,1493.68,5.0,1419.0,4.0
ORD1259,2025-11-11,CUST1047,Bengaluru,Clothing,Sneakers,3.0,2673.22,20.0,6415.73,4.0
ORD1260,2025-01-29,CUST1087,Pune,Home & Kitchen,Mixer,2.0,1805.24,20.0,2888.38,5.0
ORD1261,2025-11-11,CUST1025,Bengaluru,Clothing,Sneakers,5.0,658.29,15.0,2797.73,3.0
ORD1262,2025-12-08,CUST1005,Delhi,Books,Business Analytics,2.0,1073.63,15.0,1825.17,5.0
ORD1263,2025-02-24,CUST1069,Bengaluru,Beauty,Face Wash,2.0,597.64,0.0,1195.28,3.0
ORD1264,2025-03-15,CUST1104,Hyderabad,Books,Python Basics,3.0,1238.98,20.0,2973.55,5.0
ORD1265,2025-06-22,CUST1028,Pune,Beauty,Moisturizer,4.0,1935.13,25.0,5805.39,2.0
ORD1266,2025-10-09,CUST1051,Delhi,Home & Kitchen,Coffee Maker,5.0,5037.07,5.0,23926.08,4.0
ORD1267,2025-10-22,CUST1028,Kolkata,Beauty,Perfume,1.0,3462.41,15.0,2943.05,4.0
ORD1268,2025-03-10,CUST1071,Pune,Sports,Dumbbells,1.0,5651.68,20.0,4521.34,2.0
ORD1269,2025-02-06,CUST1059,Hyderabad,Beauty,Shampoo,1.0,2352.34,15.0,1999.49,5.0
ORD1270,2025-08-05,CUST1087,Chennai,Home & Kitchen,Bedsheet,3.0,1548.45,20.0,3716.28,3.0
ORD1271,2025-04-14,CUST1058,Chennai,Beauty,Face Wash,3.0,2504.32,25.0,5634.72,5.0
ORD1272,2025-10-13,CUST1055,Chennai,Electronics,Smartwatch,5.0,48187.39,20.0,192749.56,4.0
ORD1273,2025-10-11,CUST1081,Ahmedabad,Clothing,Sneakers,4.0,2064.53,15.0,7019.4,5.0
ORD1274,2025-10-24,CUST1006,Chennai,Books,SQL Guide,2.0,937.62,15.0,1593.95,4.0
ORD1275,2025-05-22,CUST1024,Bengaluru,Home & Kitchen,Air Fryer,3.0,9146.28,5.0,26066.9,3.0
ORD1276,2025-04-10,CUST1012,Ahmedabad,Beauty,Face Wash,4.0,4505.03,20.0,14416.1,2.0
ORD1277,2025-03-11,CUST1106,Chennai,Sports,Yoga Mat,2.0,2102.31,5.0,3994.39,4.0
ORD1278,2025-05-11,CUST1097,Delhi,Sports,Yoga Mat,4.0,1463.49,20.0,4683.17,4.0
ORD1279,2025-10-30,CUST1085,Delhi,Home & Kitchen,Air Fryer,2.0,2225.49,5.0,4228.43,4.0
ORD1280,2025-10-01,CUST1025,Pune,Electronics,Smartphone,3.0,56497.09,15.0,144067.58,5.0
ORD1281,2025-03-26,CUST1057,Bengaluru,Home & Kitchen,Bedsheet,2.0,4841.08,5.0,9198.05,3.0
ORD1282,2025-04-25,CUST1044,Delhi,Home & Kitchen,Coffee Maker,2.0,9219.94,5.0,17517.89,3.0
ORD1283,2025-07-16,CUST1092,Mumbai,Electronics,Smartphone,4.0,30894.92,5.0,117400.7,3.0
ORD1284,2025-11-13,CUST1057,Hyderabad,Books,Python Basics,3.0,1264.5,0.0,3793.5,5.0
ORD1285,2025-10-05,CUST1010,Chennai,Home & Kitchen,Bedsheet,5.0,9664.26,25.0,36240.98,4.0
ORD1286,2025-05-29,CUST1092,Hyderabad,Electronics,Wireless Earbuds,3.0,38647.5,10.0,104348.25,4.0
ORD1287,2025-01-26,CUST1102,Kolkata,Beauty,Moisturizer,5.0,1358.34,0.0,6791.7,5.0
ORD1288,2025-04-25,CUST1090,Bengaluru,Books,SQL Guide,5.0,1634.85,0.0,8174.25,4.0
ORD1289,2025-08-13,CUST1036,Delhi,Sports,Football,4.0,2395.52,25.0,7186.56,4.0
ORD1290,2025-12-13,CUST1008,Kolkata,Clothing,T-Shirt,1.0,760.75,15.0,646.64,4.0
ORD1291,2025-12-24,CUST1032,Ahmedabad,Electronics,Wireless Earbuds,4.0,18878.66,5.0,71738.91,5.0
ORD1292,2025-10-25,CUST1116,Bengaluru,Books,Business Analytics,1.0,1316.56,25.0,987.42,3.0
ORD1293,2025-09-13,CUST1031,Kolkata,Home & Kitchen,Bedsheet,3.0,5615.52,5.0,16004.23,4.0
ORD1294,2025-11-01,CUST1082,Mumbai,Sports,Football,4.0,2580.75,20.0,8258.4,3.0
ORD1295,2025-11-24,CUST1063,Chennai,Beauty,Shampoo,2.0,481.63,25.0,722.44,3.0
ORD1296,2025-09-30,CUST1029,Delhi,Sports,Dumbbells,1.0,2673.79,10.0,2406.41,4.0
ORD1297,2025-07-12,CUST1078,Chennai,Clothing,T-Shirt,3.0,2657.38,10.0,7174.93,5.0
ORD1298,2025-05-28,CUST1009,Delhi,Sports,Yoga Mat,5.0,2765.14,15.0,11751.84,5.0
ORD1299,2025-02-17,CUST1025,Delhi,Books,SQL Guide,1.0,446.68,20.0,357.34,4.0
ORD1300,2025-10-18,CUST1065,Kolkata,Clothing,Jeans,3.0,1802.43,5.0,5136.93,5.0
ORD1301,2025-01-09,CUST1114,Hyderabad,Beauty,Perfume,4.0,1497.22,5.0,5689.44,3.0
ORD1302,2025-05-26,CUST1011,Delhi,Home & Kitchen,Bedsheet,2.0,10282.72,15.0,17480.62,1.0
ORD1303,2025-08-13,CUST1103,Delhi,Sports,Football,3.0,1660.14,20.0,3984.34,5.0
ORD1304,2025-11-13,CUST1012,Hyderabad,Books,Data Analytics,2.0,375.8,25.0,563.7,4.0
ORD1305,2025-02-08,CUST1088,Ahmedabad,Beauty,Moisturizer,4.0,3969.94,0.0,15879.76,5.0
ORD1306,2025-09-29,CUST1020,Chennai,Home & Kitchen,Mixer,5.0,6707.53,25.0,25153.24,5.0
ORD1307,2025-09-03,CUST1061,Hyderabad,Beauty,Perfume,3.0,1420.19,0.0,4260.57,4.0
ORD1308,2025-11-30,CUST1093,Chennai,Beauty,Moisturizer,2.0,3998.39,25.0,5997.59,3.0
ORD1309,2025-06-15,CUST1116,Mumbai,Clothing,Jacket,2.0,1348.39,15.0,2292.26,5.0
ORD1310,2025-05-09,CUST1080,Pune,Sports,Dumbbells,5.0,5913.02,10.0,26608.59,5.0
ORD1311,2025-02-05,CUST1035,Hyderabad,Electronics,Smartwatch,2.0,33567.24,0.0,67134.48,5.0
ORD1312,2025-11-19,CUST1030,Kolkata,Sports,Football,2.0,5889.88,10.0,10601.78,4.0
ORD1313,2025-12-13,CUST1003,Pune,Clothing,Jeans,2.0,3463.16,15.0,5887.37,5.0
ORD1314,2025-06-30,CUST1055,Bengaluru,Clothing,Sneakers,4.0,3035.85,15.0,10321.89,2.0
ORD1315,2025-11-13,CUST1007,Bengaluru,Sports,Dumbbells,4.0,2680.4,0.0,10721.6,5.0
ORD1316,2025-09-30,CUST1036,Delhi,Sports,Football,2.0,5266.35,5.0,10006.07,5.0
ORD1317,2025-05-29,CUST1004,Bengaluru,Beauty,Shampoo,3.0,1454.79,20.0,3491.5,3.0
ORD1318,2025-09-29,CUST1013,Pune,Books,Python Basics,4.0,1253.34,10.0,4512.02,4.0
ORD1319,2025-11-02,CUST1098,Mumbai,Electronics,Smartphone,1.0,20495.17,15.0,17420.89,5.0
ORD1320,2025-12-21,CUST1082,Ahmedabad,Home & Kitchen,Bedsheet,3.0,2379.51,5.0,6781.6,5.0
ORD1321,2025-03-10,CUST1015,Pune,Sports,Cricket Bat,5.0,1664.75,5.0,7907.56,2.0
ORD1322,2025-02-18,CUST1089,Hyderabad,Electronics,Laptop,5.0,12591.58,0.0,62957.9,5.0
ORD1323,2025-06-10,CUST1063,Ahmedabad,Electronics,Smartwatch,1.0,62694.85,15.0,53290.62,5.0
ORD1324,2025-06-20,CUST1051,Kolkata,Sports,Cricket Bat,3.0,2403.35,5.0,6849.55,3.0
ORD1325,2025-09-09,CUST1040,Ahmedabad,Sports,Cricket Bat,3.0,1854.94,0.0,5564.82,5.0
ORD1326,2025-10-07,CUST1091,Delhi,Sports,Football,5.0,927.6,25.0,3478.5,4.0
ORD1327,2025-04-01,CUST1035,Bengaluru,Home & Kitchen,Coffee Maker,4.0,4104.22,25.0,12312.66,4.0
ORD1328,2025-08-16,CUST1040,Chennai,Beauty,Perfume,4.0,3168.58,0.0,12674.32,3.0
ORD1329,2025-01-19,CUST1050,Pune,Beauty,Shampoo,3.0,648.13,20.0,1555.51,4.0
ORD1330,2025-09-29,CUST1102,Kolkata,Electronics,Smartwatch,2.0,35339.68,20.0,56543.49,3.0
ORD1331,2025-01-31,CUST1075,Chennai,Home & Kitchen,Coffee Maker,1.0,6092.63,20.0,4874.1,4.0
ORD1332,2025-08-08,CUST1015,Mumbai,Books,Business Analytics,3.0,1092.99,15.0,2787.12,5.0
ORD1333,2025-07-23,CUST1057,Ahmedabad,Home & Kitchen,Coffee Maker,4.0,11122.87,10.0,40042.33,4.0
ORD1334,2025-03-21,CUST1071,Mumbai,Books,SQL Guide,3.0,571.33,10.0,1542.59,2.0
ORD1335,2025-03-20,CUST1069,Ahmedabad,Beauty,Perfume,2.0,3747.29,20.0,5995.66,1.0
ORD1336,2025-08-17,CUST1048,Chennai,Electronics,Laptop,5.0,18376.63,10.0,82694.84,4.0
ORD1337,2025-12-11,CUST1061,Delhi,Clothing,Jeans,2.0,1538.06,20.0,2460.9,5.0
ORD1338,2025-03-23,CUST1042,Bengaluru,Sports,Cricket Bat,5.0,5993.56,20.0,23974.24,3.0
ORD1339,2025-02-09,CUST1064,Bengaluru,Sports,Cricket Bat,4.0,5964.37,15.0,20278.86,5.0
ORD1340,2025-03-16,CUST1081,Kolkata,Beauty,Shampoo,5.0,4684.79,5.0,22252.75,4.0
ORD1341,2025-12-02,CUST1109,Hyderabad,Clothing,Jeans,5.0,4935.29,10.0,22208.81,5.0
ORD1342,2025-07-19,CUST1021,Hyderabad,Sports,Dumbbells,2.0,2264.68,15.0,3849.96,4.0
ORD1343,2025-06-04,CUST1040,Hyderabad,Beauty,Shampoo,3.0,3821.12,10.0,10317.02,4.0
ORD1344,2025-06-12,CUST1013,Kolkata,Electronics,Smartphone,1.0,60732.29,25.0,45549.22,3.0
ORD1345,2025-04-04,CUST1079,Ahmedabad,Books,SQL Guide,1.0,774.54,0.0,774.54,3.0
ORD1346,2025-08-01,CUST1003,Kolkata,Clothing,Jacket,1.0,747.21,25.0,560.41,1.0
ORD1347,2025-05-20,CUST1009,Pune,Electronics,Laptop,3.0,35570.66,15.0,90705.18,4.0
ORD1348,2025-03-07,CUST1041,Hyderabad,Sports,Football,5.0,560.59,15.0,2382.51,5.0
ORD1349,2025-03-13,CUST1072,Ahmedabad,Sports,Yoga Mat,5.0,4129.92,5.0,19617.12,5.0
ORD1350,2025-06-24,CUST1089,Delhi,Books,Business Analytics,3.0,750.41,25.0,1688.42,4.0
ORD1351,2025-04-29,CUST1053,Hyderabad,Sports,Yoga Mat,1.0,4412.75,10.0,3971.47,1.0
ORD1352,2025-10-23,CUST1006,Mumbai,Beauty,Face Wash,4.0,3950.25,15.0,13430.85,5.0
ORD1353,2025-11-12,CUST1027,Hyderabad,Books,Python Basics,4.0,668.35,15.0,2272.39,1.0
ORD1354,2025-10-28,CUST1053,Delhi,Home & Kitchen,Mixer,3.0,2778.67,0.0,8336.01,5.0
ORD1355,2025-07-05,CUST1002,Kolkata,Beauty,Moisturizer,3.0,4647.32,0.0,13941.96,5.0
ORD1356,2025-12-21,CUST1095,Mumbai,Sports,Football,5.0,5482.46,5.0,26041.68,4.0
ORD1357,2025-08-21,CUST1069,Hyderabad,Electronics,Smartwatch,1.0,46113.68,15.0,39196.63,4.0
ORD1358,2025-09-24,CUST1063,Pune,Electronics,Wireless Earbuds,4.0,12651.07,20.0,40483.42,5.0
ORD1359,2025-01-09,CUST1045,Ahmedabad,Sports,Football,3.0,5832.02,5.0,16621.26,5.0
ORD1360,2025-12-11,CUST1012,Delhi,Clothing,Jeans,2.0,2587.65,15.0,4399.01,5.0
ORD1361,2025-08-04,CUST1075,Pune,Books,Business Analytics,4.0,1577.58,10.0,5679.29,3.0
ORD1362,2025-12-27,CUST1055,Mumbai,Books,Data Analytics,2.0,1339.39,15.0,2276.96,3.0
ORD1363,2025-10-03,CUST1091,Delhi,Sports,Football,5.0,891.84,10.0,4013.28,4.0
ORD1364,2025-07-09,CUST1005,Pune,Clothing,Jacket,2.0,4305.65,20.0,6889.04,5.0
ORD1365,2025-09-09,CUST1059,Bengaluru,Sports,Dumbbells,2.0,1137.44,15.0,1933.65,5.0
ORD1366,2025-01-18,CUST1055,Delhi,Electronics,Smartphone,1.0,50627.1,0.0,50627.1,3.0
ORD1367,2025-06-05,CUST1004,Chennai,Clothing,Jeans,4.0,2848.44,10.0,10254.38,3.0
ORD1368,2025-02-09,CUST1055,Delhi,Beauty,Perfume,2.0,3361.27,20.0,5378.03,1.0
ORD1369,2025-11-06,CUST1064,Delhi,Home & Kitchen,Air Fryer,2.0,9875.39,10.0,17775.7,4.0
ORD1370,2025-05-06,CUST1089,Mumbai,Beauty,Face Wash,1.0,2721.13,20.0,2176.9,4.0
ORD1371,2025-04-01,CUST1092,Ahmedabad,Electronics,Smartwatch,5.0,9380.67,25.0,35177.51,5.0
ORD1372,2025-12-06,CUST1089,Mumbai,Clothing,Sneakers,4.0,3345.6,5.0,12713.28,5.0
ORD1373,2025-02-03,CUST1119,Delhi,Home & Kitchen,Air Fryer,5.0,2443.52,15.0,10384.96,4.0
ORD1374,2025-04-29,CUST1019,Ahmedabad,Electronics,Laptop,3.0,60244.59,15.0,153623.7,4.0
ORD1375,2025-12-26,CUST1032,Kolkata,Clothing,Jeans,1.0,732.75,0.0,732.75,5.0
ORD1376,2025-12-06,CUST1119,Ahmedabad,Beauty,Face Wash,1.0,2291.18,0.0,2291.18,4.0
ORD1377,2025-02-17,CUST1034,Pune,Books,Python Basics,5.0,1589.3,15.0,6754.52,4.0
ORD1378,2025-12-23,CUST1085,Bengaluru,Books,Business Analytics,2.0,1096.08,25.0,1644.12,3.0
ORD1379,2025-06-18,CUST1022,Hyderabad,Clothing,T-Shirt,3.0,1400.83,10.0,3782.24,5.0
ORD1380,2025-05-08,CUST1056,Pune,Sports,Cricket Bat,2.0,2453.7,10.0,4416.66,5.0
ORD1381,2025-01-16,CUST1109,Pune,Beauty,Perfume,1.0,2988.17,25.0,2241.13,3.0
ORD1382,2025-02-15,CUST1082,Chennai,Home & Kitchen,Coffee Maker,1.0,6339.52,15.0,5388.59,3.0
ORD1383,2025-02-25,CUST1086,Pune,Home & Kitchen,Mixer,2.0,11293.36,20.0,18069.38,5.0
ORD1384,2025-03-01,CUST1100,Hyderabad,Sports,Football,5.0,2378.46,15.0,10108.45,4.0
ORD1385,2025-08-09,CUST1032,Bengaluru,Sports,Yoga Mat,3.0,577.69,15.0,1473.11,5.0
ORD1386,2025-04-10,CUST1043,Bengaluru,Electronics,Smartwatch,1.0,22895.43,10.0,20605.89,1.0
ORD1387,2025-05-05,CUST1040,Bengaluru,Clothing,T-Shirt,5.0,2233.25,10.0,10049.62,4.0
ORD1388,2025-10-04,CUST1043,Ahmedabad,Electronics,Wireless Earbuds,1.0,20531.09,5.0,19504.54,5.0
ORD1389,2025-01-25,CUST1092,Chennai,Electronics,Wireless Earbuds,4.0,27504.06,15.0,93513.8,5.0
ORD1390,2025-10-07,CUST1092,Bengaluru,Books,Python Basics,5.0,951.52,0.0,4757.6,5.0
ORD1391,2025-01-14,CUST1012,Bengaluru,Electronics,Smartwatch,3.0,69644.69,0.0,208934.07,5.0
ORD1392,2025-10-19,CUST1063,Kolkata,Beauty,Face Wash,1.0,3919.88,20.0,3135.9,5.0
ORD1393,2025-08-29,CUST1054,Pune,Home & Kitchen,Mixer,4.0,5438.79,5.0,20667.4,1.0
ORD1394,2025-11-17,CUST1104,Ahmedabad,Clothing,Sneakers,2.0,2412.96,0.0,4825.92,3.0
ORD1395,2025-06-20,CUST1031,Bengaluru,Books,Python Basics,4.0,1053.77,5.0,4004.33,4.0
ORD1396,2025-07-26,CUST1058,Kolkata,Beauty,Face Wash,1.0,1954.07,15.0,1660.96,4.0
ORD1397,2025-07-31,CUST1101,Delhi,Books,Python Basics,4.0,1477.08,25.0,4431.24,5.0
ORD1398,2025-10-26,CUST1038,Bengaluru,Electronics,Smartwatch,3.0,18538.67,5.0,52835.21,4.0
ORD1399,2025-04-05,CUST1008,Bengaluru,Electronics,Smartwatch,5.0,42959.47,0.0,214797.35,5.0
ORD1400,2025-07-06,CUST1009,Chennai,Beauty,Face Wash,5.0,617.38,15.0,2623.86,3.0
ORD1401,2025-04-06,CUST1039,Mumbai,Home & Kitchen,Mixer,2.0,10820.96,25.0,16231.44,3.0
ORD1402,2025-02-27,CUST1087,Ahmedabad,Beauty,Perfume,4.0,2380.48,10.0,8569.73,2.0
ORD1403,2025-12-03,CUST1011,Ahmedabad,Sports,Cricket Bat,2.0,3153.07,25.0,4729.61,5.0
ORD1404,2025-04-25,CUST1082,Pune,Electronics,Wireless Earbuds,5.0,66744.57,10.0,300350.57,4.0
ORD1405,2025-06-24,CUST1085,Hyderabad,Sports,Cricket Bat,2.0,5441.06,5.0,10338.01,3.0
ORD1406,2025-05-04,CUST1054,Mumbai,Electronics,Wireless Earbuds,1.0,48531.29,0.0,48531.29,5.0
ORD1407,2025-11-07,CUST1039,Ahmedabad,Sports,Dumbbells,5.0,5319.47,20.0,21277.88,3.0
ORD1408,2025-01-23,CUST1066,Bengaluru,Home & Kitchen,Bedsheet,3.0,4124.93,25.0,9281.09,4.0
ORD1409,2025-05-01,CUST1047,Delhi,Beauty,Perfume,1.0,1530.91,5.0,1454.36,5.0
ORD1410,2025-05-19,CUST1032,Ahmedabad,Home & Kitchen,Coffee Maker,3.0,9444.84,0.0,28334.52,4.0
ORD1411,2025-09-17,CUST1052,Ahmedabad,Clothing,Jacket,1.0,4071.53,25.0,3053.65,2.0
ORD1412,2025-02-03,CUST1004,Delhi,Sports,Football,5.0,3021.07,0.0,15105.35,4.0
ORD1413,2025-08-07,CUST1076,Ahmedabad,Sports,Dumbbells,1.0,4478.87,15.0,3807.04,5.0
ORD1414,2025-11-14,CUST1012,Hyderabad,Beauty,Perfume,4.0,4259.54,15.0,14482.44,1.0
ORD1415,2025-01-08,CUST1023,Ahmedabad,Sports,Yoga Mat,1.0,4066.19,25.0,3049.64,4.0
ORD1416,2025-02-04,CUST1086,Kolkata,Home & Kitchen,Coffee Maker,4.0,3088.83,20.0,9884.26,5.0
ORD1417,2025-08-03,CUST1074,Delhi,Electronics,Laptop,2.0,68268.35,5.0,129709.87,5.0
ORD1418,2025-09-23,CUST1108,Mumbai,Clothing,Jacket,2.0,677.86,0.0,1355.72,1.0
ORD1419,2025-03-29,CUST1059,Kolkata,Books,SQL Guide,5.0,1434.75,25.0,5380.31,4.0
ORD1420,2025-06-07,CUST1076,Ahmedabad,Home & Kitchen,Mixer,2.0,6643.2,15.0,11293.44,4.0
ORD1421,2025-10-06,CUST1043,Delhi,Beauty,Moisturizer,5.0,2108.01,0.0,10540.05,3.0
ORD1422,2025-07-01,CUST1102,Mumbai,Clothing,Jeans,1.0,3938.34,20.0,3150.67,5.0
ORD1423,2025-05-26,CUST1119,Bengaluru,Books,Data Analytics,1.0,420.42,10.0,378.38,3.0
ORD1424,2025-07-01,CUST1019,Pune,Clothing,T-Shirt,1.0,3081.38,10.0,2773.24,4.0
ORD1425,2025-03-18,CUST1105,Kolkata,Clothing,Sneakers,2.0,2427.77,0.0,4855.54,5.0
ORD1426,2025-03-04,CUST1063,Chennai,Home & Kitchen,Coffee Maker,3.0,1574.37,5.0,4486.95,2.0
ORD1427,2025-09-16,CUST1101,Mumbai,Books,Python Basics,1.0,399.6,20.0,319.68,5.0
ORD1428,2025-11-08,CUST1057,Hyderabad,Electronics,Smartphone,1.0,11489.91,15.0,9766.42,3.0
ORD1429,2025-11-21,CUST1119,Pune,Sports,Cricket Bat,2.0,3188.94,20.0,5102.3,4.0
ORD1430,2025-06-24,CUST1014,Chennai,Electronics,Wireless Earbuds,5.0,11208.48,5.0,53240.28,5.0
ORD1431,2025-05-08,CUST1063,Bengaluru,Books,SQL Guide,4.0,927.86,5.0,3525.87,4.0
ORD1432,2025-04-02,CUST1005,Delhi,Home & Kitchen,Air Fryer,2.0,4221.38,20.0,6754.21,4.0
ORD1433,2025-12-20,CUST1102,Mumbai,Sports,Dumbbells,2.0,1235.83,15.0,2100.91,5.0
ORD1434,2025-01-18,CUST1022,Ahmedabad,Clothing,Jeans,1.0,538.78,0.0,538.78,5.0
ORD1435,2025-05-06,CUST1091,Kolkata,Clothing,T-Shirt,2.0,823.38,20.0,1317.41,4.0
ORD1436,2025-12-28,CUST1048,Delhi,Home & Kitchen,Coffee Maker,1.0,7466.12,5.0,7092.81,3.0
ORD1437,2025-09-10,CUST1091,Pune,Beauty,Face Wash,2.0,3103.29,15.0,5275.59,5.0
ORD1438,2025-07-22,CUST1105,Bengaluru,Books,Python Basics,5.0,670.9,15.0,2851.32,3.0
ORD1439,2025-03-13,CUST1065,Ahmedabad,Beauty,Moisturizer,3.0,4880.57,20.0,11713.37,4.0
ORD1440,2025-07-12,CUST1103,Ahmedabad,Home & Kitchen,Air Fryer,1.0,3451.06,25.0,2588.3,2.0
ORD1441,2025-02-25,CUST1109,Ahmedabad,Sports,Yoga Mat,1.0,4709.27,5.0,4473.81,2.0
ORD1442,2025-08-19,CUST1008,Kolkata,Sports,Yoga Mat,1.0,4305.16,25.0,3228.87,5.0
ORD1443,2025-03-11,CUST1115,Mumbai,Books,SQL Guide,5.0,783.69,15.0,3330.68,5.0
ORD1444,2025-10-03,CUST1060,Delhi,Beauty,Face Wash,4.0,2354.5,20.0,7534.4,5.0
ORD1445,2025-01-22,CUST1006,Pune,Electronics,Laptop,4.0,37845.27,15.0,128673.92,4.0
ORD1446,2025-08-28,CUST1023,Chennai,Home & Kitchen,Bedsheet,3.0,7354.14,10.0,19856.18,5.0
ORD1447,2025-10-11,CUST1013,Mumbai,Clothing,Sneakers,4.0,2918.78,15.0,9923.85,5.0
ORD1448,2025-09-05,CUST1048,Hyderabad,Clothing,Sneakers,3.0,4428.44,15.0,11292.52,2.0
ORD1449,2025-12-17,CUST1071,Bengaluru,Clothing,T-Shirt,1.0,4223.48,20.0,3378.78,4.0
ORD1450,2025-09-22,CUST1032,Bengaluru,Home & Kitchen,Coffee Maker,3.0,10478.01,0.0,31434.03,4.0
ORD1451,2025-12-02,CUST1114,Pune,Clothing,T-Shirt,4.0,1368.61,0.0,5474.44,4.0
ORD1452,2025-05-04,CUST1103,Pune,Beauty,Moisturizer,2.0,797.03,5.0,1514.36,5.0
ORD1453,2025-11-25,CUST1116,Delhi,Books,Business Analytics,5.0,466.23,20.0,1864.92,5.0
ORD1454,2025-11-19,CUST1119,Hyderabad,Home & Kitchen,Mixer,1.0,11140.99,25.0,8355.74,4.0
ORD1455,2025-08-17,CUST1082,Kolkata,Beauty,Face Wash,4.0,2643.42,20.0,8458.94,1.0
ORD1456,2025-01-20,CUST1080,Ahmedabad,Books,Python Basics,5.0,715.8,25.0,2684.25,5.0
ORD1457,2025-11-15,CUST1015,Bengaluru,Electronics,Wireless Earbuds,4.0,36681.2,15.0,124716.08,4.0
ORD1458,2025-02-23,CUST1110,Hyderabad,Electronics,Wireless Earbuds,2.0,59871.73,10.0,107769.11,3.0
ORD1459,2025-10-09,CUST1076,Bengaluru,Books,Data Analytics,2.0,1144.97,0.0,2289.94,4.0
ORD1460,2025-11-26,CUST1031,Chennai,Books,Python Basics,1.0,1670.15,0.0,1670.15,5.0
ORD1461,2025-01-13,CUST1115,Ahmedabad,Beauty,Shampoo,4.0,3545.33,15.0,12054.12,1.0
ORD1462,2025-01-05,CUST1038,Hyderabad,Beauty,Face Wash,4.0,2073.22,5.0,7878.24,4.0
ORD1463,2025-11-20,CUST1046,Mumbai,Electronics,Smartphone,3.0,23489.22,10.0,63420.89,4.0
ORD1464,2025-04-18,CUST1030,Pune,Books,Python Basics,1.0,779.5,25.0,584.62,4.0
ORD1465,2025-12-29,CUST1004,Delhi,Electronics,Wireless Earbuds,4.0,25683.71,25.0,77051.13,5.0
ORD1466,2025-08-14,CUST1014,Chennai,Clothing,Jeans,3.0,639.48,20.0,1534.75,5.0
ORD1467,2025-09-23,CUST1012,Pune,Clothing,Jacket,4.0,2282.29,15.0,7759.79,1.0
ORD1468,2025-07-23,CUST1058,Kolkata,Beauty,Face Wash,5.0,374.28,15.0,1590.69,5.0
ORD1469,2025-12-06,CUST1015,Delhi,Home & Kitchen,Coffee Maker,1.0,8603.32,15.0,7312.82,5.0
ORD1470,2025-01-29,CUST1043,Mumbai,Books,Python Basics,1.0,1554.3,10.0,1398.87,3.0
ORD1471,2025-02-01,CUST1049,Kolkata,Beauty,Perfume,5.0,1080.17,10.0,4860.77,4.0
ORD1472,2025-02-15,CUST1088,Ahmedabad,Sports,Football,5.0,4089.12,25.0,15334.2,3.0
ORD1473,2025-06-09,CUST1050,Kolkata,Home & Kitchen,Mixer,2.0,11356.05,10.0,20440.89,5.0
ORD1474,2025-01-12,CUST1056,Hyderabad,Sports,Football,3.0,4644.03,10.0,12538.88,3.0
ORD1475,2025-12-03,CUST1099,Hyderabad,Sports,Yoga Mat,4.0,2431.73,15.0,8267.88,5.0
ORD1476,2025-06-30,CUST1046,Kolkata,Home & Kitchen,Air Fryer,4.0,3836.74,0.0,15346.96,3.0
ORD1477,2025-05-09,CUST1028,Hyderabad,Beauty,Moisturizer,5.0,4424.14,25.0,16590.53,5.0
ORD1478,2025-07-24,CUST1008,Bengaluru,Books,Business Analytics,3.0,933.74,20.0,2240.98,4.0
ORD1479,2025-07-18,CUST1076,Chennai,Sports,Yoga Mat,5.0,3231.11,0.0,16155.55,5.0
ORD1480,2025-03-18,CUST1046,Delhi,Beauty,Face Wash,3.0,2482.69,15.0,6330.86,5.0
ORD1481,2025-04-07,CUST1035,Kolkata,Sports,Football,5.0,3661.78,20.0,14647.12,5.0
ORD1482,2025-08-31,CUST1009,Ahmedabad,Books,Python Basics,4.0,1498.12,0.0,5992.48,5.0
ORD1483,2025-11-29,CUST1112,Delhi,Clothing,Jeans,2.0,3850.61,20.0,6160.98,4.0
ORD1484,2025-03-24,CUST1083,Pune,Home & Kitchen,Air Fryer,3.0,1986.55,20.0,4767.72,5.0
ORD1485,2025-05-23,CUST1108,Hyderabad,Books,Python Basics,3.0,1037.42,5.0,2956.65,5.0
ORD1486,2025-08-13,CUST1035,Pune,Electronics,Wireless Earbuds,3.0,36970.95,5.0,105367.21,4.0
ORD1487,2025-10-14,CUST1099,Chennai,Home & Kitchen,Air Fryer,2.0,6411.01,15.0,10898.72,4.0
ORD1488,2025-11-08,CUST1011,Hyderabad,Sports,Yoga Mat,2.0,4903.17,15.0,8335.39,3.0
ORD1489,2025-03-04,CUST1031,Pune,Beauty,Perfume,4.0,1422.29,20.0,4551.33,5.0
ORD1490,2025-11-16,CUST1060,Kolkata,Beauty,Face Wash,5.0,2092.15,0.0,10460.75,5.0
ORD1491,2025-12-08,CUST1105,Kolkata,Clothing,T-Shirt,5.0,644.67,20.0,2578.68,4.0
ORD1492,2025-10-24,CUST1003,Pune,Sports,Football,3.0,2633.25,20.0,6319.8,5.0
ORD1493,2025-10-20,CUST1117,Mumbai,Beauty,Moisturizer,2.0,1100.84,5.0,2091.6,5.0
ORD1494,2025-11-11,CUST1040,Hyderabad,Clothing,Jeans,2.0,1127.74,0.0,2255.48,3.0
ORD1495,2025-12-03,CUST1097,Bengaluru,Beauty,Moisturizer,3.0,2915.48,0.0,8746.44,4.0
ORD1496,2025-09-28,CUST1037,Delhi,Home & Kitchen,Coffee Maker,3.0,2680.91,5.0,7640.59,5.0
ORD1497,2025-03-14,CUST1067,Mumbai,Electronics,Smartphone,3.0,8167.85,25.0,18377.66,3.0
ORD1498,2025-03-08,CUST1031,Chennai,Home & Kitchen,Coffee Maker,2.0,5952.42,20.0,9523.87,4.0
ORD1499,2025-03-19,CUST1092,Kolkata,Electronics,Wireless Earbuds,5.0,60353.33,0.0,301766.65,3.0
ORD1500,2025-03-10,CUST1119,Mumbai,Home & Kitchen,Air Fryer,4.0,3110.26,20.0,9952.83,4.0
ORD1026,2025-06-27,CUST1053,Ahmedabad,Home & Kitchen,Air Fryer,4.0,1726.58,5.0,6561.0,4.0
ORD1126,2025-04-14,CUST1047,Delhi,Books,Business Analytics,4.0,1111.28,25.0,3333.84,5.0
ORD1226,2025-11-11,CUST1042,Bengaluru,Home & Kitchen,Coffee Maker,1.0,2308.55,15.0,1962.27,4.0
